timestamp,cert_id,name,event_name,position,original_email,delivered_to,status,error
2026-10-01T23:11:38.854545,SAAVAN26-W-0001,Krishna,Stand-Up Comedy Showdown,Winner,25f2007055@ds.study.iitm.ac.in,24f2006473@ds.study.iitm.ac.in,FAILED,"(554, b'Transaction failed: Local address contains control or whitespace')"
2026-10-01T23:12:27.465360,SAAVAN26-W-0001,Krishna,Stand-Up Comedy Showdown,Winner,25f2007055@ds.study.iitm.ac.in,24f2006473@ds.study.iitm.ac.in,SUCCESS,
2026-10-01T23:12:52.627410,SAAVAN26-W-0001,Krishna,Stand-Up Comedy Showdown,Winner,25f2007055@ds.study.iitm.ac.in,24f2006473@ds.study.iitm.ac.in,SUCCESS,
2026-10-01T23:12:53.403993,SAAVAN26-W-0002,Dev Bhardwaj,Stand-Up Comedy Showdown,First Runner Up,24f3004778@ds.study.iitm.ac.in,24f2006473@ds.study.iitm.ac.in,SUCCESS,
2026-10-01T23:12:54.160117,SAAVAN26-W-0003,R Sai Sahanaa,Anubhuti 4.0 - English,Winner,25f3000832@ds.study.iitm.ac.in,24f2006473@ds.study.iitm.ac.in,SUCCESS,
2026-10-01T23:12:54.745223,SAAVAN26-W-0004,Aritri Roy,Anubhuti 4.0 - English,First Runner Up,23f2001169@ds.study.iitm.ac.in,24f2006473@ds.study.iitm.ac.in,SUCCESS,
2026-10-01T23:12:55.258545,SAAVAN26-W-0005,Samyuktha S,Anubhuti 4.0 - English,Second Runner Up,23f2003861@ds.study.iitm.ac.in,24f2006473@ds.study.iitm.ac.in,SUCCESS,
2026-10-01T23:20:21.609125,SAAVAN26-W-0001,Krishna,Stand-Up Comedy Showdown,Winner,25f2007055@ds.study.iitm.ac.in,24f3004704@ds.study.iitm.ac.in,SUCCESS,
2026-10-02T04:58:51.448971,SAAVAN26-W-0001,Krishna,Stand-Up Comedy Showdown,Winner,25f2007055@ds.study.iitm.ac.in,24f3004704@ds.study.iitm.ac.in,SUCCESS,
2026-10-02T04:58:59.471054,SAAVAN26-W-0001,Krishna,Stand-Up Comedy Showdown,Winner,25f2007055@ds.study.iitm.ac.in,24f2006473@ds.study.iitm.ac.in,SUCCESS,
2026-10-02T05:34:21.570919,SAAVAN26-W-0001,Krishna,Stand-Up Comedy Showdown,Winner,25f2007055@ds.study.iitm.ac.in,24f3004704@ds.study.iitm.ac.in,SUCCESS,
2026-10-02T05:34:28.013009,SAAVAN26-W-0001,Krishna,Stand-Up Comedy Showdown,Winner,25f2007055@ds.study.iitm.ac.in,24f2006473@ds.study.iitm.ac.in,SUCCESS,
2026-10-02T05:45:59.613327,SAAVAN26-W-0001,Krishna,Stand-Up Comedy Showdown,Winner,25f2007055@ds.study.iitm.ac.in,24f3004704@ds.study.iitm.ac.in,SUCCESS,
2026-10-02T05:46:11.092377,SAAVAN26-W-0001,Krishna,Stand-Up Comedy Showdown,Winner,25f2007055@ds.study.iitm.ac.in,24f2006473@ds.study.iitm.ac.in,SUCCESS,
2026-10-02T07:02:01.945521,SAAVAN26-W-0001,Krishna,Stand-Up Comedy Showdown,Winner,25f2007055@ds.study.iitm.ac.in,24f3004704@ds.study.iitm.ac.in,SUCCESS,
2026-10-02T09:30:49.264225,SAAVAN26-W-0001,Krishna,Stand-Up Comedy Showdown,Winner,25f2007055@ds.study.iitm.ac.in,24f2006473@ds.study.iitm.ac.in,SUCCESS,
2026-10-03T04:01:29.960552,SAAVAN26-W-0001,Winner,Krishna,Stand-Up Comedy Showdown,Winner,25f2007055@ds.study.iitm.ac.in,"24f2006473@ds.study.iitm.ac.in, 24f3004704@ds.study.iitm.ac.in",SUCCESS,
2026-10-03T04:01:30.379782,SAAVAN26-W-0002,Winner,Dev Bhardwaj,Battle of the Bands,First Runner Up,24f3004778@ds.study.iitm.ac.in,"24f2006473@ds.study.iitm.ac.in, 24f3004704@ds.study.iitm.ac.in",SUCCESS,
2026-10-03T04:01:30.720293,SAAVAN26-P-0001,Participant,Aritri Roy,Rhythm & Rhapsody,Participant,23f2001169@ds.study.iitm.ac.in,"24f2006473@ds.study.iitm.ac.in, 24f3004704@ds.study.iitm.ac.in",SUCCESS,
2026-10-03T04:01:31.222856,SAAVAN26-P-0002,Participant,Samyuktha S,Street Play Competition,Participant,23f2003861@ds.study.iitm.ac.in,"24f2006473@ds.study.iitm.ac.in, 24f3004704@ds.study.iitm.ac.in",SUCCESS,
2026-10-03T04:01:31.800135,SAAVAN26-J-0001,Judge,Dr. Ananya Sen,Western Music Solo,Judge,ananya.sen@example.com,"24f2006473@ds.study.iitm.ac.in, 24f3004704@ds.study.iitm.ac.in",SUCCESS,
